Title,Link
Should you use Docker? (Benefits and Usages),https://howtocreateapps.com/use-docker/
Image Recognition Tutorial in Python for Beginners,https://howtocreateapps.com/image-recognition-python/
The Difference between a Programmer and a Coder,https://howtocreateapps.com/difference-programmer-coder/
Display Json Data in HTML Using React (Simple Tutorial),https://howtocreateapps.com/json-html-react-tutorial/
Will Kotlin Replace Java? (with Pros and Cons),https://howtocreateapps.com/kotlin-replace-java/
What Languages Do You Need to Know to Become A Web Developer?,https://howtocreateapps.com/languages-web-developer/
Things You Need to Know As a Node.js Developer,https://howtocreateapps.com/node-js-developer/
How to Use GitHub to Get a Job (Tips & Tricks),https://howtocreateapps.com/github-job/
Should You Always Use NoSQL Instead Of SQL?,https://howtocreateapps.com/should-you-always-use-nosql-instead-of-sql/
Can JavaScript be used to Make Mobile Apps? A Simple Guide,https://howtocreateapps.com/javascript-make-mobile-apps/
How to get Started with Game Development for Beginners,https://howtocreateapps.com/get-started-with-game-development/
How to Fetch and Display JSON Data in HTML Using JavaScript,https://howtocreateapps.com/fetch-and-display-json-html-javascript/
Best Back-End Solutions for Mobile Apps,https://howtocreateapps.com/back-end-mobile-apps/
Can JavaScript only run in a Web Browser?,https://howtocreateapps.com/javascript-browser/
Is PHP Outdated in 2019?,https://howtocreateapps.com/php-outdated/
Should I Use Tables in HTML?,https://howtocreateapps.com/tables-in-html/
6 Tips to Practice Web Development to Excel Your Skills,https://howtocreateapps.com/practice-web-development/
51 Best Resources for Learning Web Development,https://howtocreateapps.com/web-development-resources/
How to Master Sorting Algorithms in JavaScript with Examples,https://howtocreateapps.com/master-sorting-algorithms-javascript/
Tired of Programming? 11 Tips to Get Motivated,https://howtocreateapps.com/tired-of-programming/
Is Python Used for Web Development?,https://howtocreateapps.com/python-web-development/
Progressive Web Apps – Advantages and Disadvantages,https://howtocreateapps.com/pwa-advantages-disadvantages/
20 Best Resources for Node.js,https://howtocreateapps.com/resources-node-js/
11 Tips to Learn JavaScript Fast,https://howtocreateapps.com/learn-javascript-fast/
Can Web Development be Automated in the Future?,https://howtocreateapps.com/web-development-automated/
Is JavaScript An Object-Oriented Programming Language?,https://howtocreateapps.com/javascript-oop/
History of Programming Languages – Overview and Examples,https://howtocreateapps.com/history-programming-languages/
Why is Python used for machine learning?,https://howtocreateapps.com/why-is-python-used-for-machine-learning/
How to Get Started with Backend Web Developement,https://howtocreateapps.com/get-started-with-backend-web-developement/
How to Become a Freelance Web Developer,https://howtocreateapps.com/freelance-web-developer/
How to Prepare for a Front End Developer Interview,https://howtocreateapps.com/front-end-interview/
How to Master Programming,https://howtocreateapps.com/how-to-master-programming/
Will JavaScript be replaced in the future?,https://howtocreateapps.com/javascript-replaced/
Top 7 Code Editors for Front-End Development,https://howtocreateapps.com/top-7-code-editors-front-end-development/
What is the Difference Between Web Design and Web Development?,https://howtocreateapps.com/difference-web-design-web-development/
Which Programming Languages Should I Learn for Web Development,https://howtocreateapps.com/which-programming-languages-should-i-learn/
Am I too old to become a web developer?,https://howtocreateapps.com/too-old-to-become-a-web-developer/
How to master HTML and CSS,https://howtocreateapps.com/how-to-master-html-and-css/
How does Machine Learning work? And how to Learn it,https://howtocreateapps.com/how-machine-learning-works/
Do web developers need to know algorithms?,https://howtocreateapps.com/web-developers-algorithms/
What You Need to Know to be a Backend Web Developer,https://howtocreateapps.com/backend-web-developer/
How Stressful is Software Development?,https://howtocreateapps.com/stressful-development/
17 productivity tips for web developers,https://howtocreateapps.com/productivity-tips-web-developers/
How to Become a Front End Developer,https://howtocreateapps.com/become-a-front-end-developer/
23 Personality Traits for the Ideal Software Developer,https://howtocreateapps.com/personality-traits-ideal-software-developer/
Important things web developers need to know about web security,https://howtocreateapps.com/web-developer-security/
What is GitHub and how does it work?,https://howtocreateapps.com/what-is-github/
How to Learn AI Programming from Scratch,https://howtocreateapps.com/learn-ai-programming/
How to learn Vue.js in 14 days with assignments,https://howtocreateapps.com/learn-vue-in-14-days/
10 Reasons for the Popularity of Vue.js,https://howtocreateapps.com/10-reasons-for-the-popularity-of-vue-js/
8 JavaScript concepts for beginners with examples,https://howtocreateapps.com/8-javascript-concepts-for-beginners-with-examples/
What is Node.js used for?,https://howtocreateapps.com/what-is-node-js-used-for/
What is callback hell? With JavaScript examples,https://howtocreateapps.com/what-is-callback-hell-with-javascript-examples/
How to debug JavaScript code with Chrome developer tools,https://howtocreateapps.com/how-to-debug-javascript-code-with-chrome-developer-tools/
Should you use TypeScript instead of JavaScript?,https://howtocreateapps.com/should-you-use-typescript-instead-of-javascript/
Is front-end web development a good career in the coming years?,https://howtocreateapps.com/is-front-end-web-development-a-good-career/
Step by step JavaScript interview challenge and solution – Fizz Buzz,https://howtocreateapps.com/step-by-step-javascript-interview-challenge-and-solution-fizzbuzz/
Which programming language should you learn to make mobile apps?,https://howtocreateapps.com/which-programming-language-should-you-learn-to-make-mobile-apps/
What is web development and how can I learn it fast?,https://howtocreateapps.com/what-is-web-development-and-how-can-i-learn-it-fast/
Why today is the best time in history to learn programming,https://howtocreateapps.com/why-today-is-the-best-time-in-history-to-learn-programming/
"Why learn to create apps, and where to start",https://howtocreateapps.com/why-create-apps-and-where-do-you-start/
